{"cameraMode":{"drawMode":0,"name":"Shaded","section":"Shading Mode"},"sceneLighting":false,"audioPlay":false,"sceneViewState":{"m_AlwaysRefresh":false,"showFog":true,"showSkybox":false,"showFlares":true,"showImageEffects":true,"showParticleSystems":true,"showVisualEffectGraphs":true,"m_FxEnabled":true},"in2DMode":false,"pivot":{"x":5.320000171661377,"y":0.24426007270812989,"z":2.9300003051757814},"rotation":{"x":-0.01830054074525833,"y":0.49017083644866946,"z":-0.010295630432665348,"w":-0.8713811039924622},"size":0.36506539583206179,"orthographic":false}