{"cameraMode":{"drawMode":0,"name":"Shaded","section":"Shading Mode"},"sceneLighting":false,"audioPlay":false,"sceneViewState":{"m_AlwaysRefresh":false,"showFog":true,"showSkybox":false,"showFlares":true,"showImageEffects":true,"showParticleSystems":true,"showVisualEffectGraphs":true,"m_FxEnabled":true},"in2DMode":false,"pivot":{"x":3.1448049545288088,"y":0.2799999713897705,"z":-2.2019829750061037},"rotation":{"x":0.08946435898542404,"y":-0.1635897159576416,"z":0.015492800623178482,"w":0.9825835227966309},"size":0.743232011795044,"orthographic":false}