{"cameraMode":{"drawMode":0,"name":"Shaded","section":"Shading Mode"},"sceneLighting":true,"audioPlay":false,"sceneViewState":{"m_AlwaysRefresh":false,"showFog":true,"showSkybox":true,"showFlares":true,"showImageEffects":true,"showParticleSystems":true,"showVisualEffectGraphs":true,"m_FxEnabled":true},"in2DMode":false,"pivot":{"x":3.032369613647461,"y":31.71157455444336,"z":21.792085647583009},"rotation":{"x":0.44817790389060976,"y":0.14893585443496705,"z":-0.07601036876440048,"w":0.8781672716140747},"size":26.41896629333496,"orthographic":true}