{"cameraMode":{"drawMode":0,"name":"Shaded","section":"Shading Mode"},"sceneLighting":true,"audioPlay":false,"sceneViewState":{"m_AlwaysRefresh":false,"showFog":true,"showSkybox":true,"showFlares":true,"showImageEffects":true,"showParticleSystems":true,"showVisualEffectGraphs":true,"m_FxEnabled":true},"in2DMode":false,"pivot":{"x":-0.12229323387145996,"y":2.662201166152954,"z":-0.9807621240615845},"rotation":{"x":0.04302715137600899,"y":-0.4182186722755432,"z":0.01983742043375969,"w":0.9071123003959656},"size":3.5276966094970705,"orthographic":true}