{"cameraMode":{"drawMode":0,"name":"Shaded","section":"Shading Mode"},"sceneLighting":true,"audioPlay":false,"sceneViewState":{"m_AlwaysRefresh":false,"showFog":true,"showSkybox":true,"showFlares":true,"showImageEffects":true,"showParticleSystems":true,"showVisualEffectGraphs":true,"m_FxEnabled":true},"in2DMode":false,"pivot":{"x":0.11902618408203125,"y":-0.025014877319335939,"z":0.4250068664550781},"rotation":{"x":0.06515347212553024,"y":-0.4671526253223419,"z":0.034541014581918719,"w":0.8811085820198059},"size":7.650545597076416,"orthographic":false}