{"cameraMode":{"drawMode":0,"name":"Shaded","section":"Shading Mode"},"sceneLighting":true,"audioPlay":false,"sceneViewState":{"m_AlwaysRefresh":false,"showFog":true,"showSkybox":true,"showFlares":true,"showImageEffects":true,"showParticleSystems":true,"showVisualEffectGraphs":true,"m_FxEnabled":true},"in2DMode":false,"pivot":{"x":5.882457256317139,"y":1.6682136058807374,"z":6.4602813720703129},"rotation":{"x":0.49428698420524599,"y":-0.35434889793395998,"z":0.2305905520915985,"w":0.7595710754394531},"size":8.610071182250977,"orthographic":true}