{"cameraMode":{"drawMode":0,"name":"Shaded","section":"Shading Mode"},"sceneLighting":false,"audioPlay":false,"sceneViewState":{"m_AlwaysRefresh":false,"showFog":true,"showSkybox":false,"showFlares":true,"showImageEffects":true,"showParticleSystems":true,"showVisualEffectGraphs":true,"m_FxEnabled":true},"in2DMode":false,"pivot":{"x":6.389999866485596,"y":0.24525004625320435,"z":10.84000015258789},"rotation":{"x":0.12340651452541352,"y":0.1104898527264595,"z":-0.013830206356942654,"w":0.9860932230949402},"size":1.087700366973877,"orthographic":false}