{"cameraMode":{"drawMode":0,"name":"Shaded","section":"Shading Mode"},"sceneLighting":false,"audioPlay":false,"sceneViewState":{"m_AlwaysRefresh":false,"showFog":true,"showSkybox":false,"showFlares":true,"showImageEffects":true,"showParticleSystems":true,"showVisualEffectGraphs":true,"m_FxEnabled":true},"in2DMode":false,"pivot":{"x":-0.008970856666564942,"y":0.459604948759079,"z":0.24196039140224458},"rotation":{"x":0.04081501066684723,"y":-0.9546397924423218,"z":0.1554291546344757,"w":0.250682532787323},"size":0.783771812915802,"orthographic":false}