{"cameraMode":{"drawMode":0,"name":"Shaded","section":"Shading Mode"},"sceneLighting":true,"audioPlay":false,"sceneViewState":{"m_AlwaysRefresh":false,"showFog":true,"showSkybox":true,"showFlares":true,"showImageEffects":true,"showParticleSystems":true,"showVisualEffectGraphs":true,"m_FxEnabled":true},"in2DMode":false,"pivot":{"x":8.347000122070313,"y":0.6449999809265137,"z":2.6299996376037599},"rotation":{"x":0.009815613739192486,"y":0.9620910286903381,"z":-0.2703084349632263,"w":0.03493564948439598},"size":1.4205063581466675,"orthographic":false}