{"cameraMode":{"drawMode":0,"name":"Shaded","section":"Shading Mode"},"sceneLighting":true,"audioPlay":false,"sceneViewState":{"m_AlwaysRefresh":false,"showFog":true,"showSkybox":true,"showFlares":true,"showImageEffects":true,"showParticleSystems":true,"showVisualEffectGraphs":true,"m_FxEnabled":true},"in2DMode":false,"pivot":{"x":-2.7377259731292726,"y":4.993065357208252,"z":51.60000991821289},"rotation":{"x":0.001935496344231069,"y":0.9974839687347412,"z":0.06442808359861374,"w":-0.030194340273737909},"size":1.1692975759506226,"orthographic":false}