{"cameraMode":{"drawMode":0,"name":"Shaded","section":"Shading Mode"},"sceneLighting":true,"audioPlay":false,"sceneViewState":{"m_AlwaysRefresh":false,"showFog":true,"showSkybox":true,"showFlares":true,"showImageEffects":true,"showParticleSystems":true,"showVisualEffectGraphs":true,"m_FxEnabled":true},"in2DMode":false,"pivot":{"x":0.1542367935180664,"y":3.2506203651428224,"z":4.905019760131836},"rotation":{"x":0.000864780624397099,"y":-0.8171209096908569,"z":0.0012256520567461849,"w":0.5764668583869934},"size":0.7664573788642883,"orthographic":true}